session_id,cohort,day,arm,fandom,messages,mean_toxicity
sess_zu27rh4pffj,TEST1,2,EXPT,BLINK,0,
sess_63fglddv7ev,TEST1,2,EXPT,BLINK,13,0.381
sess_ig1olemovhx,TEST1,2,EXPT,ARMY,3,0.383
sess_9ksr0k5kp5k,TEST1,2,EXPT,ARMY,0,
sess_nj5lpfdjojs,TEST1,2,EXPT,ARMY,10,0.235
sess_6dqq1qqgmoh,TEST1,2,EXPT,BLINK,6,0.067
sess_o2gow4zgjlk,TEST1,2,EXPT,ARMY,0,
sess_s8lzipmgx3e,AUG16,1,EXPT,ARMY,9,0.189
sess_3h9vu0fgcos,AUG16,1,EXPT,BLINK,0,
sess_gg8qjq8foh6,AUG16,1,EXPT,BLINK,0,
sess_oouer9oyoqf,AUG16,1,EXPT,ARMY,18,0.233
sess_qggbob8wx7z,AUG16,1,EXPT,BLINK,25,0.432
sess_s1dvvqumohj,AUG16,1,EXPT,ARMY,4,0.225
sess_qvnnrx7lxy2,AUG16,1,EXPT,BLINK,1,0.100
sess_kempepeke8q,AUG16,1,EXPT,ARMY,5,0.380
sess_98g5cetjrdh,AUG16,1,EXPT,BLINK,0,
sess_kd83zyojm24,AUG16,1,EXPT,ARMY,7,0.307
sess_z9nqckzi8sz,AUG16,1,EXPT,ARMY,1,0.100
sess_mtjanetevox,AUG16,1,EXPT,ARMY,2,0.100
sess_nru7nsgdvmo,AUG16,1,EXPT,BLINK,14,0.357
sess_e0vgobado98,AUG16,1,EXPT,ARMY,24,0.252
sess_tbxoc8fdnyh,AUG16,1,EXPT,BLINK,9,0.500
sess_ux6vpkrcq9i,AUG16,1,EXPT,ARMY,0,
sess_a6x78yy7d7e,AUG16,1,EXPT,BLINK,0,
sess_ysox6j3udri,AUG16,1,EXPT,ARMY,0,
sess_r40k5snl1bq,AUG16,1,EXPT,BLINK,0,
sess_0e9xby4ixpc,AUG16,1,EXPT,ARMY,1,0.300
sess_ipt339o6fnu,AUG16,1,EXPT,BLINK,0,
sess_fvsx7gd5oss,AUG16,1,EXPT,ARMY,0,
sess_ttnt3qerrvz,TEST1,2,EXPT,BLINK,0,
sess_z3bzuh1mztg,TEST1,1,EXPT,BLINK,0,
sess_h1pzltlu2un,TEST1,1,EXPT,ARMY,1,0.300
sess_wr4sfjq7qbc,TEST1,1,EXPT,ARMY,6,0.133
sess_rw2uet9ysth,TEST1,1,EXPT,ARMY,4,0.175
sess_tpvv9eiyat1,TEST1,1,EXPT,ARMY,0,
sess_ogsaa1myat0,TEST1,1,EXPT,ARMY,0,
sess_jstgs2lyarz,TEST1,1,EXPT,ARMY,0,
sess_6b1wnfeyapq,TEST1,1,EXPT,ARMY,0,
sess_a849sawy5b2,TEST1,1,EXPT,ARMY,0,
sess_4ik0zayy5aw,TEST1,1,EXPT,ARMY,0,
sess_kh93tg7y5au,TEST1,1,EXPT,ARMY,0,
sess_zswnagdy5ar,TEST1,1,EXPT,ARMY,0,
sess_ctkgaqgy59q,TEST1,1,EXPT,ARMY,0,
sess_ucco7w9y58o,TEST1,1,EXPT,ARMY,0,
sess_jq9i1ezy28t,TEST1,1,EXPT,ARMY,0,
sess_ca6y1fly28m,TEST1,1,EXPT,ARMY,0,
sess_0cifwbny28k,TEST1,1,EXPT,ARMY,0,
sess_du7t5gcy28k,TEST1,1,EXPT,ARMY,0,
sess_lpb5jsyy28h,TEST1,1,EXPT,ARMY,0,
sess_ed5r5gsy25o,TEST1,1,EXPT,ARMY,0,
sess_5t9yk6ly229,TEST1,1,EXPT,ARMY,0,
sess_ac3sdmzy222,TEST1,1,EXPT,ARMY,0,
sess_7tzflr6y20z,TEST1,1,EXPT,ARMY,0,
sess_43vy0r0jpga,TEST1,1,EXPT,BLINK,6,0.392
sess_0x0trgpctlc,TEST1,1,EXPT,ARMY,0,
sess_ifbwm4daaab,TEST1,1,EXPT,BLINK,12,0.233
sess_tqbucva9851,TEST1,1,EXPT,ARMY,0,
sess_at0b2go4tm2,TEST1,1,EXPT,BLINK,24,0.296
sess_hn4x9p84f5m,TEST1,1,EXPT,ARMY,18,0.303
sess_4c0vgr3468v,TEST1,1,EXPT,ARMY,10,0.260
sess_qh9p7c4jsp7,PRE5,1,CTRL,BLINK,1,0.100
sess_m3hmxxbf316,PRE5,1,CTRL,ARMY,2,0.300
sess_8rxgh7wdlqu,PRE5,1,CTRL,BLINK,0,
sess_7dk7eqt1xbx,PRE5,1,CTRL,ARMY,0,
sess_b9qi4qp1j1f,PRE5,1,CTRL,ARMY,1,0.000
sess_ljwm5enyyl3,PRE5,1,CTRL,ARMY,0,
sess_2o4fhqtvld5,JULY23,3,EXPT,ARMY,0,
sess_vdcr03uh3w5,JULY23,2,EXPT,ARMY,0,
sess_c1nk1yrph6w,JULY23,2,CTRL,ARMY,0,
sess_lxuigm0nghn,JULY23,2,CTRL,ARMY,0,
sess_81krxakmm6n,JULY23,2,EXPT,ARMY,0,
sess_l69b9temj7q,JULY23,2,CTRL,ARMY,0,
sess_x01jq3wmctg,JULY23,2,EXPT,BLINK,1,0.100
sess_s3ex16jgpn5,JULY23,2,EXPT,ARMY,0,
sess_wphwqe5gj7r,JULY23,2,EXPT,BLINK,0,
sess_lcpapthz9pz,JULY23,1,EXPT,ARMY,0,
sess_bbmtp7wc5zn,JULY23,1,EXPT,ARMY,0,
sess_lr3uqp07kdz,JULY23,1,EXPT,BLINK,17,0.300
sess_njoa0po6ly1,JULY23,1,CTRL,ARMY,0,
sess_7ezi3vr50tp,JULY23,1,CTRL,ARMY,0,
sess_c0kcnkly9sj,JULY23,1,EXPT,ARMY,14,0.343
sess_hzhc0t3xuso,JULY23,1,CTRL,ARMY,0,
sess_tmfuit9xs1x,JULY23,1,EXPT,BLINK,2,0.300
sess_5143mxrveno,JULY22,1,EXPT,ARMY,0,
