participant_id,handle,cohort,day,arm,fandom,instrument,submitted_at_iso,s1_contact_discuss,s1_contact_friends,s1_contact_share,s1_contact_work,s1_ipt_before_crit,s1_ipt_shoes,s1_ipt_twosides,s1_legit_contribute,s1_legit_reasonable,s1_legit_reasons,s1_perc_intelligent,s1_perc_moral,s1_react_free,s1_react_obvious,s1_react_opposite,s1_react_resist,s1_sess_attacked,s1_sess_heated,s1_simil_care,s1_simil_general,s1_simil_interests,s1_simil_values,s1_therm_kpop,s1_therm_own,s1_therm_rival
"p_2qjpj9cdo4g","army_6b8w","AUG16","1","EXPT","ARMY","survey1","2026-08-16T12:24:04.945Z","2","5","2","3","4","5","4","1","1","5","2","2","5","5","5","5","5","5","5","5","5","5","100","100","20"
"p_mksir0pixjj","army_15ie","AUG16","1","EXPT","ARMY","survey1","2026-08-16T12:23:32.362Z","3","5","4","4","1","4","4","2","3","4","5","1","4","3","3","4","3","4","5","4","2","3","92","86","47"
"p_bjggrbtdntk","blink_nibj","AUG16","1","EXPT","BLINK","survey1","2026-08-16T12:23:25.922Z","1","3","3","2","4","4","5","1","1","1","1","1","2","5","5","5","1","5","1","1","1","1","100","100","0"
"p_mtiw8h4dvhz","blink_lyjx","AUG16","1","EXPT","BLINK","survey1","2026-08-16T12:23:16.004Z","1","3","3","1","4","4","5","1","1","1","1","1","3","5","5","3","1","5","1","1","1","1","100","100","0"
"p_e0p39jbgwyj","army_1v3n","AUG16","1","EXPT","ARMY","survey1","2026-08-16T12:22:39.054Z","4","5","2","4","5","4","4","1","2","3","1","1","5","5","5","5","5","5","5","4","5","3","100","100","0"
"p_mtsd373jpak","blink_9565","TEST1","1","EXPT","BLINK","survey1","2026-08-05T15:01:08.947Z","2","3","2","4","2","4","3","2","2","3","3","1","2","4","4","3","4","5","1","2","3","2","91","12","12"
"p_0j5mdro4tgs","blink_rwv0","TEST1","1","EXPT","BLINK","survey1","2026-08-05T14:59:10.024Z","2","4","2","2","2","2","2","1","2","4","2","3","4","1","4","5","3","5","2","1","2","3","34","0","23"
"p_0ebywb54f0f","army_8fxz","TEST1","1","EXPT","ARMY","survey1","2026-08-05T14:22:09.534Z","5","4","3","3","5","5","5","4","2","5","3","3","5","5","5","5","4","5","5","5","5","5","100","100","20"
"p_flvlde2463q","army_pz0q","TEST1","1","EXPT","ARMY","survey1","2026-08-05T14:10:46.885Z","5","4","3","4","4","5","5","2","2","5","3","3","5","5","5","5","5","5","5","5","5","5","100","100","30"
"p_n4h2xjtaa4m","blink_njzj","TEST1","1","EXPT","BLINK","survey1","2026-08-05T14:10:45.539Z","3","3","1","2","5","4","4","1","1","2","1","1","4","4","4","4","5","4","1","2","2","1","63","100","45"
"p_o3askb4jsjy","blink_y7aq","PRE5","1","CTRL","BLINK","survey1","2026-08-05T12:10:14.504Z","4","4","1","2","5","3","5","1","1","5","2","2","5","5","5","5","5","5","5","4","5","1","68","88","88"
"p_1ys0px6dll7","blink_vo1x","PRE5","1","CTRL","BLINK","survey1","2026-08-05T12:08:33.946Z","4","4","4","2","4","2","4","4","4","2","5","5","4","2","4","4","4","4","4","4","4","2","69","65","67"
"p_ekdodw0yyfc","army_f2z6","PRE5","1","CTRL","ARMY","survey1","2026-08-05T12:08:03.861Z","4","4","4","2","4","4","4","4","4","4","5","4","4","2","4","4","4","4","4","4","4","4","69","66","67"
"p_ekdodw0yyfc","army_f2z6","PRE5","1","CTRL","ARMY","survey1","2026-08-05T11:56:35.297Z","2","2","4","4","2","4","1","4","4","2","5","3","2","4","4","2","2","4","4","4","4","4","53","53","52"
"p_9kmkkbw1ivo","army_nwdo","PRE5","1","CTRL","ARMY","survey1","2026-08-05T11:54:44.612Z","3","3","3","3","3","3","3","3","3","3","4","4","3","3","3","3","3","3","3","3","3","3","56","69","60"
